日期,gmv,orders,users,conversion_rate
2026-08-23,1059856.7,5541,40588,2.78
2026-08-24,1097127.22,4901,44974,2.43
2026-08-25,1029611.99,5376,38470,3.51
2026-08-26,939272.82,4697,39688,3.62
2026-08-27,1000955.44,4560,40713,2.22
2026-08-28,1167542.1,5191,39040,2.6
2026-08-29,1221333.1,5905,40025,2.45
2026-08-30,1205270.97,5473,48826,4.1
2026-08-31,1133326.5,4748,36253,3.64
2026-09-01,1226945.09,5553,50449,3.7
2026-09-02,1205280.11,6267,45020,2.95
2026-09-03,1041381.13,5164,35130,2.92
2026-09-04,1211405.75,5817,44270,2.74
2026-09-05,1117556.59,4718,39839,3.78
2026-09-06,1101172.49,4862,33986,3.19
2026-09-07,1353909.39,6098,49825,3.98
2026-09-08,1323969.87,5786,41584,2.28
2026-09-09,1178551.37,5794,41328,4.65
2026-09-10,1360815.76,6614,55996,3.23
2026-09-11,1385966.11,6508,47473,2.84
2026-09-12,1290024.12,6350,52411,4.53
2026-09-13,1251812.36,6228,59119,3.52
2026-09-14,1166327.37,6063,41403,3.83
2026-09-15,1401073.32,6636,44398,3.19
2026-09-16,1479951.08,6837,64358,4.44
2026-09-17,1173731.33,5192,44366,3.6
2026-09-18,1268318.66,5711,39032,3.33
2026-09-19,1341782.55,5645,51525,2.88
2026-09-20,1369595.76,6884,63593,4.46
2026-09-21,1313775.89,5919,49286,2.6
2026-09-22,1483253.67,6836,60402,3.58
