stat_date,metric_code,channel,value
2026-08-23,gmv,app,541437.6
2026-08-23,gmv,h5,255557.55
2026-08-23,gmv,mini_program,165975.06
2026-08-24,gmv,app,604573.35
2026-08-24,gmv,h5,281630.4
2026-08-24,gmv,mini_program,186016.66
2026-08-25,gmv,app,589685.77
2026-08-25,gmv,h5,252642.94
2026-08-25,gmv,mini_program,177504.54
2026-08-26,gmv,app,569988.14
2026-08-26,gmv,h5,282070.34
2026-08-26,gmv,mini_program,162072.06
2026-08-27,gmv,app,565505.8
2026-08-27,gmv,h5,258246.92
2026-08-27,gmv,mini_program,167782.02
2026-08-28,gmv,app,544909.61
2026-08-28,gmv,h5,305413.69
2026-08-28,gmv,mini_program,182779.0
2026-08-29,gmv,app,523972.8
2026-08-29,gmv,h5,280032.82
2026-08-29,gmv,mini_program,159074.16
2026-08-30,gmv,app,595389.06
2026-08-30,gmv,h5,300749.04
2026-08-30,gmv,mini_program,163147.12
2026-08-31,gmv,app,565284.44
2026-08-31,gmv,h5,286102.33
2026-08-31,gmv,mini_program,158196.54
2026-09-01,gmv,app,578876.19
2026-09-01,gmv,h5,282205.23
2026-09-01,gmv,mini_program,179473.3
2026-09-02,gmv,app,553338.9
2026-09-02,gmv,h5,252032.03
2026-09-02,gmv,mini_program,164021.31
2026-09-03,gmv,app,497142.44
2026-09-03,gmv,h5,304029.52
2026-09-03,gmv,mini_program,182876.54
2026-09-04,gmv,app,586483.21
2026-09-04,gmv,h5,269220.79
2026-09-04,gmv,mini_program,154969.46
2026-09-05,gmv,app,591581.06
2026-09-05,gmv,h5,305029.17
2026-09-05,gmv,mini_program,155912.22
2026-09-06,gmv,app,548458.95
2026-09-06,gmv,h5,255875.9
2026-09-06,gmv,mini_program,178860.47
2026-09-07,gmv,app,579241.79
2026-09-07,gmv,h5,259189.92
2026-09-07,gmv,mini_program,169159.6
2026-09-08,gmv,app,555478.4
2026-09-08,gmv,h5,266843.17
2026-09-08,gmv,mini_program,182662.72
2026-09-09,gmv,app,541545.17
2026-09-09,gmv,h5,263860.7
2026-09-09,gmv,mini_program,171336.07
2026-09-10,gmv,app,575292.42
2026-09-10,gmv,h5,263264.46
2026-09-10,gmv,mini_program,163598.35
2026-09-11,gmv,app,604466.43
2026-09-11,gmv,h5,288393.17
2026-09-11,gmv,mini_program,167895.4
2026-09-12,gmv,app,551933.34
2026-09-12,gmv,h5,258776.23
2026-09-12,gmv,mini_program,160639.71
2026-09-13,gmv,app,532189.41
2026-09-13,gmv,h5,284945.29
2026-09-13,gmv,mini_program,160823.9
2026-09-14,gmv,app,519223.91
2026-09-14,gmv,h5,255975.61
2026-09-14,gmv,mini_program,174457.5
2026-09-15,gmv,app,520183.6
2026-09-15,gmv,h5,302703.52
2026-09-15,gmv,mini_program,182227.6
2026-09-16,gmv,app,502794.31
2026-09-16,gmv,h5,265328.26
2026-09-16,gmv,mini_program,175745.24
2026-09-17,gmv,app,518566.05
2026-09-17,gmv,h5,259409.46
2026-09-17,gmv,mini_program,184807.48
2026-09-18,gmv,app,557814.74
2026-09-18,gmv,h5,278469.58
2026-09-18,gmv,mini_program,179677.06
2026-09-19,gmv,app,583824.67
2026-09-19,gmv,h5,262662.96
2026-09-19,gmv,mini_program,156295.65
2026-09-20,gmv,app,542415.63
2026-09-20,gmv,h5,275720.4
2026-09-20,gmv,mini_program,168878.84
2026-09-21,gmv,app,575198.34
2026-09-21,gmv,h5,289708.41
2026-09-21,gmv,mini_program,186461.62
2026-09-22,gmv,app,505825.97
2026-09-22,gmv,h5,274546.79
2026-09-22,gmv,mini_program,164536.29
